0.2853332159367018,-0.02890757856306212,0.020321017254138,-0.13414326185097084,0.0021233036332254625
0.26289260993613206,-0.02489788896029341,-0.13636245203418698,-0.07532727084595733,0.03251862904326772
0.4176634040246407,0.05499731281997907,0.031164052187415737,0.1131667591690131,-0.03761893496480076
0.3918554366560327,0.04141236213159546,-0.017735463696008858,0.07049216741735846,-0.029297528312501226
0.4386834426801269,0.055887657870196235,-0.0014090329250877123,0.033755136309918866,0.008830334470218403
0.4494823814486191,0.06252938903617468,0.005771485505668839,0.05242688050218597,0.0076349589587783855
0.3322290231593333,-0.025510875104312148,-0.12291431444081431,-0.1258858745962995,0.060790495385533605
-0.491974551904905,-0.05748723561171493,0.07559154247434645,0.017437993608087957,0.22222026342004222
0.37822344514621004,0.043176821214084365,-0.006731218640700585,0.1745289821058681,-0.055883679599974416
0.24351139308419525,-0.011658696434189634,0.006700870603473881,0.23890439034605102,-0.052755173109102466
-0.09480502887886534,0.7866116217824186,0.040735544818025646,0.03594491212472042,0.05083376776752514
-0.4758820670947477,-0.0017563284538138022,0.15975723508530687,-0.051800837241104895,-0.125485109866265
0.1931376384904337,-0.0726635400205349,-0.0683475802019673,0.16223089599749257,-0.08460397016317601
0.21438343018950382,-0.06021541660599672,-0.0562908877896044,0.16969978116860007,-0.10161277092079724
0.014906359011994198,-0.10529075632338811,-0.09625587203296423,0.11914504866514632,-0.08169894598412518
-0.04563031803837133,-0.08680054436264037,0.015540213398513615,-0.015932397103093958,0.11032629527972787
-0.2036157993140007,-0.10381045609352667,0.019204274972721518,-0.13322254679696013,-0.15352487183070115
-0.1719171930425388,-0.10863326182322727,0.006037520749799732,-0.1312798214889405,-0.14349697203715284
0.18738739015344846,0.6268441069081049,-0.054122807144619596,0.011655876251380566,-0.002303509279563109
0.44288192458027165,0.06551323805455533,0.15547890532167624,0.0012856836305595702,0.00546676016748303
-0.03648865920218193,-0.1322552361648629,-0.04783209494037586,-0.11407007745682,-0.10376581632492735
0.04483846365140412,-0.12380853281027791,-0.10726541628897948,-0.13264113979316805,-0.05864244502529844
-0.1391757719142404,-0.12789649395940134,0.0011489428472570631,-0.11849923492813251,-0.1173196121545042
0.015035728644903002,-0.12770646010955208,-0.0740272269438499,-0.16272195420046737,-0.09971016052617786
-0.00509317838420474,-0.12703913385222973,-0.07359578825866335,-0.14919378433151975,-0.09880323338577643
-0.03589071669680959,-0.12938266731491105,-0.050430875197681614,-0.12532209128672223,-0.0938662566638923
0.41663612656780924,0.02729120443889548,0.05432600937890562,-0.09274608847397268,0.0019204211949533185
0.44642121686243136,0.045518797045479224,-0.016332767511744138,-0.09267039169039781,0.04263094859048372
0.4244578297846291,0.037937190128209584,-0.051609772243061965,-0.12975653811910512,0.0543417114975782
0.07558955394225397,-0.0873751402935615,-0.0956726521934458,0.10479482764040908,-0.027937207825961777
0.017351973755256697,-0.0781530360448721,0.07332441990582662,-0.17650807122099232,-0.1541712617460503
0.015229504744647319,-0.07546678095516889,0.08559433185186517,-0.18137534075383285,-0.1439049725609992
0.04216633306939337,-0.10705000167794157,0.007383523901166544,-0.16672035824298076,-0.13451022980510016
-0.15181505990582955,0.06427768649945702,-0.04539999433759212,0.20944424215678137,0.03067650445620779
-0.10247062885273861,-0.09103369630639278,-0.10819232914297722,0.10006512775092997,-0.10503130402550168
0.07285659511677324,-0.08960202925911004,-0.023268946572624905,0.024085041761308587,0.003036569480857304
0.07343643335456185,-0.09082576999709502,-0.02635711341007979,0.019219745080950805,0.0038545928063747742
0.6181352688573711,0.15486634475772232,-0.06377483524724176,0.036894722695441806,-0.007452631220832033
-0.10088143439507542,-0.04018702110892687,0.010675938728923636,0.1510884714896601,0.0047191108372248115
-0.11362206631272459,-0.060478148662407784,0.09849749304226518,-0.08626373772927208,-0.16629225316433202
0.17092129897184766,-0.08176276989382647,-0.041452389023762276,-0.058964617123378235,0.04952362841617906
0.12375637808635019,-0.10433594942951792,-0.07476539619996725,-0.1066724585575673,0.01951414582568909
0.11961918923616496,-0.10386409209300398,-0.07573622647270165,-0.07395459288495129,0.01549816372976248
0.119619189236165,-0.10386409209300393,-0.07573622647270166,-0.0739545928849513,0.015498163729762527
0.14328153358202775,-0.0989831708535688,-0.06277943732330409,-0.0829897579881475,0.016598111852882548
0.10136787737236759,-0.10078544243839459,-0.11320606832553032,-0.10011989252155098,0.05812106008665584
-0.009264049916853262,-0.0656882095621597,-0.11249864844638935,0.2659871277220931,-0.13792923319187872
-0.0026555701027808037,-0.08685367765161808,-0.14149124383104306,0.2187343623879391,-0.10906235292673466
0.035414614468803327,-0.08843945453863825,-0.12102328681385284,0.14193715669487048,-0.08924041490372465
0.10449456445831681,0.10791500048966818,0.1660868009169638,0.050035388045610724,-0.03440765766415813
0.1288938625855743,-0.005509339419774125,0.18797289369689266,-0.018707539650923723,-0.0006910654173755954
0.3549616012029193,0.00018123893127179434,0.09643545730804867,-0.10635105834930512,-0.05197991073655692
0.22659980004788008,0.007345471465849295,0.005912873632173761,0.05695674234375937,0.004566180613503958
0.09917904429164028,0.010310343280639511,0.15720820366432273,0.0037775568242150296,-0.017691359245623248
-0.20632025620214375,0.1644157142417373,0.044739137497164884,0.18430842179139167,0.12194335707910531
0.11399879874833183,-0.0117147768575271,0.07459436120964752,-0.015498569654673212,-0.026675770802588747
0.16967255819128874,0.08821150404385025,0.11697377981471785,0.10347782767885269,-0.03930820601126636
-0.09091503548197817,-0.04560093682422973,-0.02971337457694485,-0.04028699673738809,-0.012364786601428632
0.1258880528171516,0.031280732927673215,0.20866869710969183,-0.04028881360917812,-0.09039568658958151
0.1696725581912886,0.08821150404385031,0.11697377981471806,0.1034778276788527,-0.03930820601126655
0.0871876569508639,0.1322189472837871,0.19898763405990358,-0.024969729358443157,-0.14449221923174982
-0.22783060365314636,0.3308518380660681,-0.1694623885236409,-0.018469494157581475,-0.026818808442302566
-0.1318005053462674,-0.08082595304785167,-0.08615449229502528,0.283438612680408,-0.12052471355186262
-0.08686356273608133,-0.06430888172825837,-0.11532989439719737,0.310328457723655,-0.08405197270648294
-0.003017138810636729,-0.04910626630503144,-0.13723029715318974,0.3125668293635462,-0.04555341263442654
-0.033158058115679574,-0.06458967200694157,-0.12636763543522908,0.26276012471436877,-0.11524181573220925
-0.1906036849125337,0.20165829265368085,-0.15530260057430328,0.03803751158187955,-0.04518705688691742
-0.20748907256116117,-0.10519905725979439,0.024315970946348856,-0.05625106646079328,0.03051678039719635
-0.2918021612345629,-0.09448428714148915,0.06375419689679959,-0.00895957204401031,-0.13056982498211148
-0.29492609296378725,-0.08389234869498159,0.039510403069436525,0.039048180618231544,-0.15205949692255427
-0.07346060183731942,-0.12037136260206856,-0.039775451082846684,-0.18655419931827238,-0.08315332072148644
-7.531017117944164e-06,-0.06686211597587095,-0.14712866995870397,0.2749480731633539,-0.13257524908976276
0.01504193594762241,-0.11937866372963075,-0.15784595999246953,-0.033680191987578684,-0.038129064533053696
0.05300209581112113,-0.10745516570688773,-0.13852163072612486,-0.04194698436816185,-0.03962262922714008
-0.005387129616151665,-0.04818081695333458,-0.10868677539534004,0.19972227986283284,-0.112022121578428
-0.04932844642617189,-0.03457394229118249,-0.08728239212062561,0.23975663823807952,-0.15293076151191365
0.08970225576003646,-0.023908108725904886,-0.1545082077751387,0.2052851061257905,-0.004289087932783347
0.034471588137935084,-0.01584380659656642,-0.1355957581430233,0.2967361134011503,-0.07507665846315234
0.012773901538664353,-0.07242574616470757,-0.14732351992999354,0.007760660289105498,0.0087306777832058
-0.07298012969556125,0.20358768391908516,-0.11730622943373968,0.08470759640272454,-0.04351260826572493
-0.0068239520161984795,-0.11354448255087064,-0.0069809530995728905,-0.09232461270564969,-0.10394992305090145
-0.23990526994859865,-0.06831628684790526,-0.01062598510278421,0.05322025870845873,-0.1223225891418035
-0.25146337300583216,-0.08666637500456924,-0.006156796510536568,0.06973429035922081,-0.10238826035572945
0.17213576047710233,-0.08386383366365908,-0.07881671446126602,-0.0679499295485953,-0.002914071964720858
0.12389662315634874,-0.09452241215002119,-0.08832330752909359,-0.07406462090987767,-0.008613769203177015
0.004199547715260172,-0.09410751709555194,-0.07232263082081504,0.14521983430210725,-0.09417041174645079
-0.009708877947968868,-0.11010468525792917,-0.0929548227689719,0.11219229571932952,-0.05340120143477527
-0.004559920886893341,-0.09254900008962638,-0.002178679212995992,-0.16637542435285052,-0.040937001588014416
-0.04895713590656651,-0.09244347688559706,0.043304906035753855,-0.1539584282398731,-0.05632366076727794
0.0293522389416284,-0.07712541953723379,-0.05462994581329751,0.1740938777518438,-0.07542197953764115
0.01685636000076852,-0.11496176192539706,-0.06201455739808454,-0.09942411429171542,-0.06194150104214189
0.08331360347284329,-0.10251744750928879,-0.054909615518403,-0.11673427418574821,-0.058818189561861106
0.12128027445044118,-0.05817319839741591,-0.05488555311257292,0.2070082604656516,-0.07365137819898232
0.023096259749205646,-0.11271169531912702,-0.17281708708081364,0.0500813778331936,-0.04076365767991156
0.07247793825256305,-0.10765565016466769,-0.16636918179546986,0.006673702981016278,-0.05738525806087066
0.5947838862209909,0.248286724945901,0.3110547533251405,0.07386236490158425,0.030706349053592322
0.44150360897388613,0.02771733589767819,0.022665814294197662,-0.05097346752605463,0.03107366087097737
0.4461600286473657,0.04260673637064292,0.03261312553447583,0.01786419470749723,0.03338991440445381
0.5003220111545913,0.08860860634214014,0.13619494922202313,0.010450954159120058,0.03465217699183178
-0.4441812161134525,0.16351170980904126,0.2609156638962837,-0.00417179285243419,0.0918910333990034
0.2339791919541312,-0.049189687476217006,-0.15940657503646272,0.11379679935995671,-0.03137241870643098
0.19064770510189327,-0.04365563099777948,-0.1448305549914088,0.13011567118731324,-0.032585613115345045
0.12414717279536762,-0.09124300385378223,-0.15619456513565516,0.07767271629354461,-0.05973837307607161
-0.32939995794489657,-0.07779016299950035,0.06946414963849369,-0.07873261010259876,0.0014564591121703752
-0.34407546136208667,-0.0676571160784378,0.0943843530585647,-0.09273054424935741,-0.0160970115515535
-0.40004601279312235,-0.0281490478181545,0.17044839653255003,-0.04303066706523544,-0.0984330667488236
-0.24942979492803077,-0.0645164372572821,0.12362418639994371,-0.07044385436406453,-0.023268685953274186
-0.30215055871069785,-0.06753902115673314,0.05119632027470775,0.013762711686599118,-0.02922040878369264
-0.37052997004842575,-0.05927877986607409,0.16155948365790798,-0.03308782980288326,-0.019436287739126434
-0.4432352448696691,-0.007440082897559625,0.1857168269903189,-0.011176258184678389,-0.10316721238149358
-0.055062721923228045,-0.08362303441002263,-0.13905174067440265,0.16597951072652886,-0.06584859786428328
-0.06283881275193152,-0.11797407871890934,-0.15646636721928212,0.13778161526385416,0.058307598183763534
-0.04383116860805074,-0.11825982503257941,-0.15962847524209806,0.12295056807148877,0.06491262340934728
-0.030906659649206525,-0.0925596584213883,-0.13089697276895834,0.1317819327947325,-0.09872579436305509
0.04133355416721361,-0.10300942728214056,-0.15167071699528914,0.04465296221764486,-0.06879490756940437
-0.08884171173837237,0.6588830166208668,-0.19509258269883642,-0.06289837406288291,-0.06023599851421911
0.05725615350207805,-0.10451232524818974,-0.17328986241668703,0.0822401109205047,0.06353840387995179
0.14833618590607398,-0.039091861540575895,-0.05361125689214932,0.10841537197171125,0.09404585552418049
-0.2167201399742606,0.020907708078903537,-0.0463921290249729,0.2397835514089354,-0.01010186010543923
-0.36124142464923764,0.5808911522849881,-0.12544700372205725,-0.04551826726822656,-0.01766538079126367
-0.004245497251576269,-0.06781166834405551,0.14540177588865663,-0.023601514511033296,-0.001485476795418834
-0.31021737995005216,0.23496170396869898,-0.04077218872907946,0.0625293978096545,-0.09298544924090081
-0.3287064114292434,-0.05855717234574979,-0.029601862771819466,0.07712280341179147,0.19293690782426595
-0.311607490675515,0.2263769499973876,-0.07287409951735248,0.01130681826302519,-0.05932487572298613
-0.29550195230937376,0.26059481173304405,-0.03668410254252045,-0.04102497913389884,-0.08560332851845377
-0.45412813264102553,0.39087073853077514,-0.06709546244530724,-0.02914712379914405,0.007658716912379948
-0.3046125092350492,0.00558482180946584,0.046978549684184696,0.047498732362204525,-0.19199356323738567
-0.3919083196985822,-0.023731489821854974,0.05789459825756173,-0.00047217323865669965,0.1635282658374023
-0.19920866601746487,0.017561551020573322,0.04722848988705142,0.03409660827506002,0.036149450492724146
0.03405559865917991,0.07413661491140298,0.1830746563130332,0.08022137066187847,-0.029050545022600165
-0.21313413337514978,0.25611358645481397,-0.11243540135500775,-0.029957117775798486,-0.04167258189452943
-0.4278391986444581,0.405470548555637,-0.06259827534254558,-0.013980837139296634,0.021185237831909745
-0.437714040245943,0.440533160469748,-0.02357559234491401,-0.045159943887697694,-0.0055518865068169415
-0.4792290699216453,0.3808849328073039,-0.0811575046109715,-0.035944349780456464,0.0004830136730659359
-0.38667245175420156,-0.012702620517360316,0.12524098532007924,0.018539656654639962,-0.1496871099392632
-0.3293015994069712,0.2699934168175566,0.1487398857523231,0.10949577147228066,0.44038381287660855
0.10344698870191381,-0.003705745923990057,0.17860850405847176,0.07519279757443727,-0.09707227403746684
-0.1784815670628168,-0.033932290323325294,0.09678216603794922,-0.08297348019753897,-0.11113392297800372
-0.23850455766989687,0.3025631440292768,-0.14371944302282527,-0.05036225441366528,-0.02438115056068039
-0.26819640345407336,-0.01058210216209799,0.12641238353808332,-0.10412166301198253,-0.03455090760915492
-0.460116072834418,-0.0016688245943138134,0.16731257398376784,-0.026716412606498718,-0.06346594009730189
-0.3064824440512915,-0.04652470193848526,0.08452674544287139,-0.18212084905781328,-0.06209076971129806
-0.40033741025218006,-0.05609220105364763,0.007415245790601735,0.025000434971060637,0.18151240369808944
-0.21282381755330368,-0.04097626612152856,0.016814891076270076,0.1118938023187658,-0.13930250207587144
-0.3114318314785342,0.32589786459818615,-0.10056031914199948,-0.026360533446795106,-0.004514380628883127
0.06260071839243342,-0.05158388943920423,0.13719276925961213,-0.05640503124557958,-0.021775822549986987
0.026104462075947667,-0.06370894605940279,0.15475608887752454,-0.07561279092618317,-0.05570036981325475
0.09127134580011444,-0.0595614915550687,0.1567795889752699,-0.07720016596727113,-0.062021511797325284
0.09364135692731254,-0.054560820206567044,0.16242903482840707,-0.0733817396850277,-0.06434351780963854
-0.4694192975854851,-0.024701601268284086,0.06260903274791242,0.039892817463080335,0.19457776377785183
-0.35156460050074034,-0.05313166176867562,0.03981744136820727,0.04494698385511122,0.09135499814182882
-0.18200052208969922,0.01347462608440068,0.14397200984127156,-0.13918029880124372,-0.030420896061145373
0.01285942343672566,0.056583388667201404,-0.07133595684924308,-0.021713319294450386,0.08939281333059215
-0.026531071068268318,0.0727661456754891,0.24197240885119758,0.07165060999705225,-0.024652304115384147
-0.27283796911935554,-0.06265373822749849,0.018059683892058236,0.06903381709309282,0.03941016271560851
-0.23366191733483396,-0.013720267736435629,0.01997514991468309,-0.05600776483482308,0.043624562590930546
0.004511374904253635,0.029183565423764955,-0.1050832110573109,0.0581191335718236,0.10949260835376412
-0.14794322780487026,-0.0654141110169942,0.00696892607996105,-0.09352064902004877,0.19621475201110725
-0.01700726813773331,0.018408993411709457,-0.05739850378062189,0.09997315305214667,0.02237030901410496
-0.35217983233026834,-0.059771813217236194,0.0681598038606815,-0.06448770125080695,-0.04157732330240004
-0.3415135590137709,-0.04496578343858919,0.058733627890062784,-0.04337111627870678,0.016285539545575826
-0.21178145040434704,0.26620237926705637,-0.11132622248900642,-0.031127222582568614,-0.030318452988120262
-0.21058485671347998,-0.002276236380440108,-0.08896448274443591,0.1918655018961404,0.039678616229874154
-0.17718517305776355,0.2719486584770893,-0.11273962875321958,-0.023988552600237162,-0.04323744271611001
0.023676265299655896,0.01674355106375161,0.11256830646863349,0.051194413906993204,-0.017361628111298003
0.18780844416441492,0.006528399216607087,-0.15387793468431352,0.2145651571670751,-0.009231436241566651
0.300010845667283,-0.05993773094826193,-0.10141230202235113,-0.0810322148336075,0.022029210788096797
0.26984741650260535,-0.05629838019585326,-0.1207763166606644,-0.01590854887182298,0.02291017633779869
0.1855740603445611,-0.09400387326178805,-0.1390704344238565,-0.16088832665358446,0.05726262376306729
0.18673303642395578,-0.027163304061088318,-0.17221474219566277,0.14368452728061637,0.03708594991678741
0.2224217293384593,-0.08123005364004961,-0.14474616158409717,0.04941372433247794,-0.039084538952468856
0.23213525432153226,-0.056890993393865746,-0.1794453576035685,-0.01864217409739443,0.0316538932546312
0.20681039538470838,-0.08710882263420654,-0.12807722561234575,-0.11525996550564273,0.03097723764485996
0.22635311289177365,-0.08164583117311666,-0.1590772629023527,0.06069216800338792,-0.02124609485975832
0.23224468413744256,-0.022367574718574992,-0.0920914828152889,0.17479220370597554,-0.02800886752481267
0.2465570930174429,-0.08078019303788962,-0.10959129396156603,-0.008784582510560945,0.005924085740116449
0.27190802544346304,-0.06522112056368068,-0.1161797233606489,-0.11240807747438505,0.06342883114313655
0.15039987451281342,-0.08980191676936447,-0.14680963637054475,-0.058189368686246266,0.0681827709402055
0.09555788780585776,-0.009340404366931085,0.00550236135721746,0.07690445986372321,0.17520162577942688
0.15286828136581546,-0.033357938632563526,0.005060475682202068,0.07362348810969513,0.08465012795865286
0.09143242039726494,-0.110978459666064,-0.15073862813194452,0.0005213631814276786,-0.010699656672541202
0.2511955158443347,-0.06586581047560275,-0.11271962461121379,-0.01934537112217285,0.006848087040256052
0.15154456835530947,-0.07006031704418823,-0.12886947336329999,-0.1597177513766885,0.0790193742081473
0.1100276015850783,-0.10399376764026858,-0.15886170806833666,-0.1646937919354942,0.06064589877738778
0.1945904150078514,-0.09349138186263381,-0.10176819723209897,-0.14594035899722127,0.048252995342733064
0.5904263371052637,0.24940982578485893,0.3133200567626201,0.08531791509682342,0.04447188205466641
0.27995381993222984,-0.05865035943181838,-0.09411213106040073,-0.11425306137635731,0.06651319535676214
-0.0703625251605242,-0.07348102545090926,-0.12359909951698744,0.06027328463562775,-0.025159244571301895
-0.014002826763782538,-0.11320277931144912,-0.17401289312450094,-0.06929052082946291,0.04897498473285281
0.39124274817906535,0.023981133746582284,-0.038866517738071364,0.10300029526857545,-0.008766451243187205
0.26800483594859287,-0.06879508240246317,-0.0674164684801366,-0.06484031515090671,0.07186783784589638
0.3224558614195072,-0.036907176852078456,-0.0894726563408487,-0.06510014430870242,-0.009084497890894796
0.3104949313391863,-0.03445487818437105,-0.09219725081999917,0.0010457922752200551,0.023750384898814723
-0.17478325408291306,-0.11277481188884558,-0.0648469981292346,-0.08557610785140998,0.04350143469145922
-0.12404882154934312,-0.11397095132234529,-0.056540583801664705,0.016001416689389175,0.011830232345044496
0.04595172690393077,-0.08623435297947257,-0.06983797841254888,0.08087892269566044,-0.011923285158661904
-0.35642504887286275,-0.08553352560138981,0.005586294302844007,0.05798569153301971,0.010700297498281905
0.08667743401341235,-0.02550576261853045,-0.11551181289343522,0.10896960201731046,-0.007006454204496275
-0.4376706055824099,-0.10515793867918903,0.06743135350407392,0.006062610489183483,0.06943894264005114
0.36424004515056235,-0.035119243348472266,-0.1237899148654932,-0.0942044121242711,0.04944502194639995
-0.3573789678223727,0.3350067660411051,-0.1202898152243781,0.005356134447785325,-0.04929478589197485
-0.31991239948274425,-0.05432167305785323,-0.023588904567591853,0.13864589422260978,-0.03839642582189471
-0.351744957395752,-0.09818500335165861,-0.003012623288108563,0.00022454930338768297,0.10839499237002474
-0.3317320975040484,-0.10744378530863348,0.015010332938421215,-0.024602158577087196,0.0541078951777895
-0.15432577569815265,-0.10036174473760565,-0.03946750492602137,-0.07595142385119766,-0.084621169676331
-0.358135646513332,-0.0709946025164283,0.09734447354361743,-0.06310023360453416,-0.12595271854629628
-0.3528612609525156,-0.048901661132028255,-0.007958452231056883,0.12444846684662608,-0.056072069916470575
-0.41735352364928596,-0.05272425848703873,0.09400295649497926,-0.055623707257565935,-0.05101394939914547
-0.3281838019177613,-0.10178666332091567,0.0032206303973415793,-0.012353237813048848,0.10562797464928118
-0.3723078227688684,-0.06155490415912735,0.1099365648901161,-0.0706963411169816,-0.04574849958769945
-0.38414418267802436,-0.061479067277989095,0.08578893552860907,-0.02897114543575436,-0.04079966633787636
-0.42753764337874856,-0.05729701953212785,0.13884268266322716,-0.11025111218508164,-0.037956496740252955
-0.2147437816184443,-0.07052498271458826,0.03472659204149054,-0.09710909275617524,-0.08407219070328528
-0.24433474285133794,-0.04725813891439148,-0.0038255262905249735,0.036787800565096854,0.023479048588708366
-0.241097405020038,0.6855289609322003,-0.184138119096351,-0.07314970803425128,-0.05316943211751295
-0.20847341560325403,0.7271544757485864,-0.16254604762271033,-0.08092937824682488,-0.037219103221870074
-0.03613984374405232,-0.05044077259336272,-0.12416388371728238,-0.03892705574595197,0.037989144734371816
0.09662699774564035,-0.09623410542374851,-0.1490453956041572,-0.03739774714084481,0.0195407526279533
-0.24600009455466046,-0.09952622600300068,0.03228514935098549,-0.08948222113292098,-0.06821805870977622
-0.027608206841553632,-0.07570749072655295,-0.14504339141827297,0.08642228497853044,-0.009899569729515386
0.33411802803668506,0.0056447499886132175,-0.05131120440604165,0.15628278582358937,-0.03597232328736967
0.3858794991811411,0.003719733930390503,-0.08090569503135304,-0.0942794757987817,0.07775571989277251
0.48254072772910755,0.028457661730697584,0.022984935374028105,-0.06985354329598617,0.05036931905748572
0.32440385985173537,-0.043319584364905225,-0.0853001165702932,-0.08167358010758113,0.018522915041531994
0.26036229495580754,-0.02063463517983818,-0.1815249595315306,-0.02291758609179891,0.04465108916692117
0.30989752425364925,-0.04996330975254054,-0.1312571835552612,-0.07438756834782835,0.04163893860312784
0.18593760498902523,-0.0905721168056727,-0.15251305068300308,-0.1817472992205715,0.04341564357929452
0.12972257746460694,-0.10331178682860154,-0.1502142983330348,-0.1815410683004512,0.040819949900667174
-0.2304678235077048,-0.07679089907348388,0.06484298255464828,-0.1352968982183453,-0.04202379774463265
-0.13644707845996482,-0.12588546245542662,-0.08705919925525633,-0.15059789167842447,-0.007529346328531296
0.21855126024816193,-0.062208574766655325,-0.07865387263527988,-0.13225072065907678,-0.014158492012890019
0.22986132522898764,-0.04512330971531515,-0.10526723835886455,-0.09681353408977192,0.02375807571626021
0.4285451505128943,0.021595774785576734,0.01531876109061579,0.059538721030627975,-0.0014669395684961182
0.3660845096291514,-0.0167377815655683,-0.06447015036879923,-0.056399671320242754,0.05962952948156781
0.3505433552848196,0.03355772369184372,-0.015915146312208046,0.11344676084395068,-0.00033613095570179344
-0.08010684098913164,0.021654728601895486,0.0814985548821728,0.06844123319916805,0.0933205401359862
-0.19320140527195648,0.08511770350402996,-0.016120164712683592,0.23086079386391178,0.027302063557283617
0.23769845285755406,0.020885840081286036,0.016763810969413432,0.05395716198062368,-0.044990853466241106
-0.07582796744941249,-0.0593684988879789,-0.12384714130107528,0.07543605369660311,0.09865706684830877
-0.07001611194999499,-0.06324169869960392,-0.12456939718683105,0.01290628403483493,0.1052104045717714
0.29348066112448357,-0.03452633053330683,0.0890027915382488,-0.07871528958910286,-0.058367775476756034
0.24313153246730929,-0.04931567088189696,0.04595724790045935,-0.10311775829289863,-0.057944702438683104
0.27194662507148104,-0.04078353940346219,0.07367987783164365,-0.09106363757286888,-0.05779867194277458
0.008688022673478655,-0.07064862226174357,0.037720663486539005,-0.1332137883722769,-0.04022756693956219
-0.04593679273927804,-0.10517956304515237,-0.016110344789953195,-0.13000711923187075,-0.03660674275547205
-0.07892349228251118,-0.1183254459406405,-0.08259323639507682,0.11822148397995404,-0.021118450811272407
-0.003141338144304037,-0.0422012181072959,-0.0747762625014041,0.07919656757002033,0.04944128492186485
0.6271375478640366,0.2316425360293754,0.2989743963143053,0.07061424960172787,0.03881430262755167
-0.1921397592010165,-0.05954439981895468,0.10354325291874096,-0.04141643793294758,0.08987326785114558
-0.031133555217097753,-0.08185411951438253,-0.1201763718033624,0.07623389691682435,0.03790754562893215
-0.10504606076061845,-0.007837320139400215,-0.0788378969536963,0.20422205297534712,-0.026930755471197818
0.32752208971311986,0.0606286393229976,0.29330230693665804,-0.014236645567309454,-0.003008193541585214
0.5264327109851515,0.07428226101811676,0.10701656043596779,0.01375456920965443,0.0015631754109805573
-0.36637600951476146,-0.06702071308590293,0.014690351075328595,-0.021010761887116067,0.13228029009547737
-0.37584489590431824,0.6244901137751911,-0.1157548688569238,-0.04448521248542696,-0.01545585381181231
-0.359965563938046,0.6579314634479787,-0.11605987609977578,-0.04554920058504127,-0.018002439646995935
-0.3917121589359576,0.5827362755804896,-0.1119778011582201,-0.04212311528192113,-0.012765189933918094
0.5381007824638845,0.16158126691811256,0.17681825028368153,0.013424384817287563,0.027302890416253674
0.5378612506567192,0.17330987993150154,0.20576228653619338,0.040148735574148706,0.024033855774962518
0.3487279580228538,0.48176663466103853,-0.0206366669035983,-0.014203896995521952,-0.03139602505596455
0.3327077411263295,0.03374898136264847,0.07372966160138052,-0.08805388328764634,-0.017165474999975665
0.46772590289017923,0.10426917755675377,0.15294141150795926,-0.020281650299062013,0.028346461459785817
0.39562572197190715,0.05270832050614084,0.03618362623389585,-0.1041126069566588,0.02716182553183826
0.44027639904719473,0.0821604392180168,0.10529032302583913,-0.09587863818455555,-0.005435388426165506
0.21008206999436577,-0.06116553723731881,-0.1632693606923345,-0.08470146628842787,0.026472307208946236
0.25559973149442006,-0.023132427050750026,0.042711398748664225,0.042261579611939576,-0.016365196833323555
0.22752116526745803,-0.026991910882373273,0.03745226687139836,0.035677890036268665,-0.054395924529205095
0.3044017224055818,-0.009473228965924308,0.0562444742630876,-0.07655865016474281,-0.017070988722174295
0.3027306165234642,0.020082920027000285,0.061736862501351845,-0.052167759735912436,-0.02118000803211406
0.2431681946418038,-0.04320816365544458,-0.007758110282893712,0.030116602675440998,-0.012067519526445091
0.2825434848460849,-0.016391417014882347,0.04574604566826312,-0.0633160847155947,-0.026465827339934734
0.18116722318663897,-0.017250121630519734,0.03998803653883911,0.16204934016776654,-0.04810943454700501
-0.021504136605504955,0.6307779916167948,-0.172093877332893,-0.0855774996182724,-0.056647156142411594
0.5931537109321076,0.14281214640300008,0.19118687471764473,0.036141045180169314,0.02470871403652593
0.6358317650938707,0.22609831455726428,0.2995715858257562,0.08000007866543318,0.040477233677717
0.5521919226741135,0.13760767223730633,0.1795160141400314,0.031071168898728792,0.03925107980367371
0.5801936010302959,0.14340221380521298,0.18512325467221552,0.041619409692429984,0.028905304068459016
0.20968639719188711,-0.061837304373289485,-0.02095404218641996,-0.020291739645386806,0.09909258319079872
0.133731369386004,-0.06931719613703566,-0.00861225644912574,0.04804691310814598,0.007161547608453321
0.4719608319944822,0.07791815180318332,0.10089219974728132,0.09969271154532436,-0.010751468615634412
0.5119909830068344,0.1662317156579555,0.1810830514137047,0.03917446339451984,0.028796711198543375
0.34024012999895725,-0.023421690800308488,-0.001357619904415936,0.0704678826916269,0.04997733259441339
-0.3618711800517224,-0.075316845717753,0.14520104297638184,-0.0015782825543079282,0.12896978784467197
-0.3253747664419999,-0.0732241110272699,0.1345965712157568,0.020509813766905926,0.13651598707140272
-0.35013095635347424,-0.07892176609148556,0.15302291394724596,-0.004199096748935213,0.11364517870300023
-0.23947712584379488,-0.12587941929448793,0.03763666223899101,-0.11013517632039771,-0.11343967013514185
-0.3018036071658822,-0.12187201686422598,0.04710798433487642,-0.06737080520403846,-0.08733853405181309
-0.2770239426742446,-0.12064096950308183,0.038619240528936526,-0.06609804409428875,-0.08470948324246724
-0.3946469242037779,-0.10402071972092403,0.1031969214139025,-0.12903760537230463,-0.13226210569309454
0.13862225058530864,-0.05810621879945335,0.04867525940006584,0.005591349706420813,-0.035220009901961315
-0.4327236717512722,-0.08950706960900028,0.01347486311983406,0.05180547824517968,0.15188219527299565
-0.46198055022544904,-0.08064918513877672,0.028408682651867613,0.03931180178558785,0.16655827464427023
-0.2910126311545178,0.020120907728340548,0.009086836561119515,0.09066873864734462,0.33774025792339385
-0.333548947143347,-0.12066155622266894,0.029337110093944244,0.005040647253809222,0.019617442227663658
-0.4317890641147094,0.009655446936407634,0.05486558434883425,0.06036498344992773,0.3577031983403316
-0.3961194332941043,0.012292189112196143,0.03999170017228895,0.08869851039349491,0.3891046730183679
-0.4277834893752901,0.008617550659535634,0.041840288547496544,0.08905833861598662,0.3720634106003473
-0.38456037083827327,-0.060130513073693076,0.1106762084564755,-0.08230192310896083,-0.09977931400445614
-0.08498084327525007,-0.1043925685742036,-0.17591006146827468,0.21211933929887247,-0.013251896723284511
-0.2595300236029302,-0.12710013496779976,-0.025735846186009704,-0.02015760556710463,0.11953251800181178
0.4172836259515073,-0.010420096538076927,0.004212690112952158,-0.08069701489646709,0.044207364446237934
0.3793471929230766,-0.018816197971342843,-0.03558484717087861,-0.07221230076306621,0.05080301902084831
0.45136118082802107,0.01037827099489897,0.004201756939907204,-0.09124751587547929,0.05416423143423023
0.4671164817313642,0.012798300092804133,0.01715106940877279,-0.04603257565937273,0.05049368766448579
0.3788353713524865,-0.025604669232594676,-0.016252830031415567,-0.07047366985879609,0.05884248499932859
0.2819977979641365,-0.06694127796350477,-0.04747825758837157,-0.061591831216422935,0.047795757360310505
0.27627598741754683,-0.06133667355450857,-0.03185838072360321,-0.12785927920330417,0.04989040067977679
0.46711648173136433,0.012798300092804173,0.017151069408772774,-0.04603257565937268,0.05049368766448587
0.3583386918231706,-0.029286769792638175,-0.058931071083757246,-0.011794046980305653,0.03368276328561026
0.3813401245045635,-0.012158823594525288,-0.0272959946247044,0.0736483934720666,0.008965569282283595
0.16742214351818638,-0.06383453013201494,-0.16216648271803352,-0.018998987175907804,0.03783711686698815
0.20602976132580272,-0.05130693676423098,-0.15333040487486202,-0.12244705945689013,0.061090354979575726
0.20418189256254818,-0.06456221362455898,-0.15262400256576275,0.010238659628939386,0.01947725153729946
-0.19407081688575958,-0.06828268277148707,0.11417490252726584,0.04825311736433166,0.06995486203325312
0.12135889080437691,-0.09406062640720726,-0.0843259312513215,-0.03788764320127283,0.056391358973684344
0.044562341130511184,-0.10805738435599611,-0.11221742840377208,-0.059296154523144295,0.08721641778095991
-0.06066187268613277,-0.1006771041041775,-0.010604684709959155,-0.1584471519060423,-0.09156650333040639
0.07591573232426539,-0.07392850397270663,-0.015018486800169626,-0.021356879318846344,0.03346364909311268
0.2554064071460596,0.012266881019160961,0.0379733943421738,0.17061151816262496,-0.102956228631518
-0.5492937814270484,-0.014431827068744586,0.13975920979762343,0.015561254964968305,0.17018991606826447
0.12694289018393545,0.014063498257625982,0.17710789530910181,-0.10271566042887109,-0.06186316799038552
0.3521220529663901,0.01610508905098462,0.11125678247550397,-0.040783434361210465,-0.03200802559093145
0.21133317440985883,0.022617899149776258,0.08515042431455062,0.08321161052197608,0.017706520374386827
0.24745978437186059,0.038224094974050105,0.1196205443465716,0.12263419831542151,0.009437363283453841
-0.14249533461117844,-0.10398461226413072,0.025167393906624074,-0.04686855088603468,0.06745949661362713
-0.1985936082462652,-0.12693517885723027,-0.025208920653543375,-0.08511077701526468,0.02539444341089094
0.284788410492194,-0.033470162402466676,0.041897392246451816,-0.04112416763541755,0.032744146876721475
0.16469125243965335,-0.044050715610435394,-0.07195994512530214,0.12079810517773983,-0.07924815155818597
-0.35730263484960745,0.012977780671059794,0.15419212267656995,0.04047968120302117,-0.08276522738009455
-0.4640482427645228,0.032177402702043834,0.15853475449280788,0.053579395846610055,0.11067583373756229
0.15076100871529013,-0.04047026386346985,-0.0333170354280259,-0.004632029871416368,0.024954628871309115
0.18003399303664883,-0.05251855381551304,-0.06695602546105994,-0.03808429250118701,0.039078004652357196
0.22884872663348382,0.0024238137980531786,0.2126120965617794,-0.0020161425172212657,-0.08973296455763231
0.08080222434776298,-0.025283491290547043,0.15198912599227773,0.043454085688155036,-0.06983525353209877
0.26532632275896983,0.023427864630354896,0.20568805672140397,-0.06730139652983924,-0.0717848795494063
0.28835746478886376,0.04537788670150351,0.2630521897026741,-0.013258143760127026,-0.03321867159779208
0.3192278407301666,0.02756747382459079,0.12226141593482183,0.0726853123651781,-0.042003226396406045
-0.5661538029530637,0.06578920868939565,0.27549912902674434,-0.045964971543113714,0.05536603883147793
0.2972835509495515,-0.001630640786204978,0.07768854136739765,0.0313218160960514,-0.029679761100963663
0.5093500968414535,0.15060957585073365,0.2170230348822398,0.0883610040492779,0.0021939150960340282
0.2670652120792753,0.010519204090190871,0.1350058100031563,0.02625957917388985,-0.05306429539233011
0.2983806974439073,-0.0033654719396564907,0.09241695414117893,-0.002149186630087765,-0.01611685145050568
0.35116537129347797,0.040926957617767455,0.019533680819123905,0.14072414477695167,-0.016254284069458582
0.3339819693790276,0.0537431429190038,0.05206326546243757,0.21419125481171858,-0.03920146185613053
-0.011011480217703424,-0.06570831130464848,0.05005113287224339,-0.05221612612497611,-0.11148477326996793
-0.12498975286938672,-0.1172360169676505,-0.06892566527520617,0.15385848988424167,-0.044116448661913166
0.16009691875506235,-0.08937521959385114,-0.10501717884309406,-0.011551767390013479,0.014902617677595351
0.1585955900571131,-0.09091081268495639,-0.11415324737419669,0.02720758983937333,0.025936367582471857
0.18176364930508196,-0.09034671911362067,-0.07384191396754702,0.04233503284332172,0.021804446472079967
0.49886304957727984,0.07583011649887429,0.1401831528340648,0.027166944224161122,0.030933827803664046
0.37549658183902057,0.05117271826455203,0.057383917818792554,0.006959146650285866,0.06532478142099363
0.411108200419954,0.3922382810341189,-0.0002098612251972264,0.03139971524986171,0.03928039780611398
-0.31608834981950057,-0.09542623788013149,0.03109045822534523,0.04013795067642219,-0.1820215727305054
0.1304965585432069,-0.017488552028511697,-0.11113906055251864,-0.023903739994113757,0.08299125666067753
-0.016769626317449365,-0.11301543884078026,-0.12497817474872448,0.045609706525138724,0.017455829674373643
-0.2727941585662735,-0.0968984834236998,0.0056634362303580425,-0.005715504487023904,-0.13578882444999088
-0.3260933356661785,-0.08617121686780081,0.0036074931452543483,0.012987801781532736,0.06153681932634406
0.24704271223842955,-0.03758065158655024,-0.13523075169953847,0.008671054427379062,0.02361197622118362
0.19806497426377206,-0.05849169531493891,-0.1965455336752433,0.0628482746780636,0.01877655255119523
0.216040874294198,-0.06634117660153493,-0.16164832559735742,-0.03649281187224027,0.09347278762848739
0.258994111260456,-0.05319040895855449,-0.1468174326967902,-0.12441402215561756,0.11302333046002623
0.39205940775646214,0.02740189355260827,-0.03089861421396579,-0.07973881702225007,0.04918183226001974
0.09130124025581692,-0.04923307191503231,-0.1476446465889135,-0.02065308664040642,0.007671690085026524
0.10140359808264673,-0.04508965541338109,-0.13224064715965947,-0.043400190998664594,0.030252568360075217
0.059793564367654976,-0.07522650952804595,-0.003758895633225205,0.07968840089823385,0.06300068903069393
0.07963341565286573,-0.06692343869330544,0.020720992225967412,0.08666734659075007,0.05114072960221482
-0.28311319961568043,-0.02747394082429204,0.11528643418576924,0.055026692335581884,-0.059501645380547134
-0.09537592955282491,0.0017869875289458822,0.0025377960515340645,0.13691610220843048,-0.059248429829717175
-0.14887094721527785,0.033778128746612186,0.010460700338218078,0.054553654733542824,0.004514081452917786
-0.3930708017924505,0.06133472534120872,0.0798402544980799,0.0348144214887164,0.1803093903483038
0.10461745508769829,-0.05221814404694131,0.07144891884479439,0.0575482783247058,0.021365087718006024
0.1379985458854613,0.032102778322513265,0.05916621428412522,-0.038641657057253906,-0.07485109302857226
-0.1261973088038383,0.09466963377530785,0.011481833287322621,0.09854913939911358,-0.035085248907706985
-0.40512783462459895,-0.0242699243480534,0.12571436022079702,-0.06054940271877462,0.03317422291815697
-0.21892984144671396,-0.06104140025967577,-0.01278104021027304,0.07147161149962705,0.07724476338804995
-0.24413424928140184,-0.007802676132329721,0.023759063414809146,0.037458422167724194,-0.006374664393286256
-0.46837921809591526,-0.07496376137943923,0.16746521911381132,-0.08501936904469407,-0.08678105649868997
0.10579204138467804,-0.05142621450908855,0.056635258326403225,0.07637907742007413,0.05680075533817154
0.10461745508769824,-0.0522181440469413,0.07144891884479448,0.0575482783247058,0.021365087718005965
-0.4960749011946968,-0.032628787467280956,0.17947549913329613,0.008376762662539703,0.040710068559560046
0.10736204264582098,-0.06404312263935465,-0.017954494214522602,0.13602766375605338,-0.022535433945418615
0.2587185149593015,-0.06433876302358263,0.016770305046366518,-0.025156705545527274,-0.0029859740543078965
0.2100762853255468,-0.021286945078380727,0.07695127032294527,0.027032913569383824,0.014089324074215077
0.08355991585801727,-0.0627748721884544,0.015233811702307136,-0.0126881543976733,-0.018387867702319607
-0.46681218589067264,0.029420425357628826,0.13085742467489597,0.0357443582905057,0.08456344745457987
0.5192378100921795,0.2581736987718483,0.24185194687859132,0.07033022373982747,0.042735608006363335
0.620236017970396,0.21892543479958235,0.2547629090596452,0.06455247689791024,0.03812409962137894
0.2445372393362682,-0.023317644655116695,0.13245346141313274,-0.033678739881213435,-0.07089069412214334
0.11362976055541259,-0.05207711740721269,0.05112793417108365,-0.010129303015971654,-0.05998909916502992
-0.13399207024121,-0.0863734024619676,0.11861477043379934,-0.05130973249197353,-0.07588606543871897
0.15089519572018692,-0.056242767068386296,-0.04225923720473217,-0.00026399220479071304,-0.04305905761528817
0.26815660298516053,-0.03215819805686939,0.026220908864600018,0.06718237455673041,0.04567205673609933
-0.34773933690758957,-0.05511694360343929,0.03954204724386806,0.04754174449383856,-0.13464302510055362
-0.33007279442642606,-0.03188651200270313,0.03184384516914376,0.05967923056186653,-0.050134930404571856
0.2832051075424632,-0.04284235742755973,0.041037861178802024,0.0075331138856105226,-0.022667242891829854
0.6004125438099148,0.2318357270334503,0.27132781629243125,0.0694335179273705,0.031655655992768046
0.6240029324116414,0.21027394319993623,0.22779236719210086,0.06044500238315298,0.02086736518642147
-0.32196987689892975,-0.004894307226074178,0.12104875579866967,-0.004466759341249211,-0.013693729892563214
0.15331930419421413,-0.024496558724018364,0.09959743802758513,-0.0713065764189162,-0.11471848437583447
-0.37288139219611943,-0.05457882296801048,0.08852551144605933,-0.025986099440420577,0.1505700937203087
-0.17502789898141563,-0.10671727440572006,-0.047048444348945624,-0.05061657631079889,0.00029931665532993815
0.20952293734937485,-0.03934325542781457,0.01718713376482048,-0.061754794079698014,0.03665638775769253
0.027076714457359496,-0.08308183574990552,-0.06768345179920461,-0.00867672291954818,0.030592005475854268
0.1611271783780664,-0.010017625316346663,0.04675595427920393,0.1777598696677808,0.014303607931510002
0.2717828406565351,0.023528363744685483,0.06828311952343975,0.17195231519902912,0.0006077049763508872
0.1136173015540945,-0.02344371990324967,0.03689940960954816,0.09978351371255176,-0.02555992600178294
-0.039438051257023835,-0.09136685516872452,-0.09690082174919666,-0.07780349458154663,0.054233327207435025
0.11761258488699439,-0.01253552626310074,0.08022391229800714,0.12443232839471866,0.013383235380710857
0.10208084973534445,-0.033172534659099986,0.08005946462285402,0.1441030120121077,-0.017216321963627816
-0.02995689746876182,-0.06483999452521204,0.07276784579567334,-0.11772137789129213,-0.14342796900784224
-0.039390003053619976,-0.056530351210919205,0.011998267158184583,0.08129667849399123,0.03008982892625323
0.02790657926011445,-0.04410310704078719,0.02711353443261137,0.06568620484204794,-0.012599400649036346
0.0365966411035595,-0.06787669047546041,0.029799125928686564,-0.04174793546801142,-0.03118000159072392
0.05332993740108413,-0.08257631373803723,0.018455176091003275,0.02925314917501479,-0.08994430003180448
0.0666881655925249,-0.09500015358772397,-0.14712377516283126,-0.08173171334416128,0.0068264898974670345
-0.12627901020553564,-0.07476269969785228,-0.11332354212686105,0.11351836663962062,0.10303602760698496
-0.15750987995019902,-0.08216092464551146,-0.0883104836121954,0.08796347216204574,0.06385310327462855
0.35072209884694083,0.002477687785639093,0.08686372820796213,-0.0037225868305382163,-0.039604077815657494
-0.14078055014820312,-0.05567774708278572,-0.07056057531152714,0.09840283937639996,0.0977432726116711
-0.18456328251838247,-0.044869221819563765,-0.03665716504503163,0.1581465101522444,0.09709263852163039
-0.15774282604481224,-0.08911348883951928,-0.08970174173010431,0.07801964301970522,0.04735369837541295
0.11585056580401534,-0.08928227285630029,-0.12821341919451323,-0.052083096620102284,0.05771228271205625
0.45295430059532754,0.12398491530673114,0.16535566324060239,0.028969689968261506,0.0021471142816710275
0.04489085478040422,-0.06015154523532707,-0.026523079516354974,0.012682793562940692,0.12649841142056492
-0.24567105786761098,-0.05212131155877969,0.03481346441067851,0.03921899401958007,0.058479217723037255
0.5933634086419965,0.2576179406212084,0.33681069765192073,0.08799696729312395,0.03126552842079756
0.5339762479879314,0.2728610778825138,0.3092588731101218,0.08439383318940623,0.04042042465219156
0.5043754838013851,0.12008555537591187,0.23179195404284825,0.07437251465236719,-0.0200848652965266
0.2550269405539435,-0.01956616240082611,0.0025101303574385004,0.040383798930087735,-0.0030140413762046138
-0.04441064886890879,-0.08056151149558098,-0.10748855130468035,0.06835596604512598,0.10856624486195117
0.11636220819348903,-0.028536396291647486,0.03153024677562979,-0.050333314275282676,0.031174325222766856
-0.040882056844040914,-0.03598011271536285,0.10938784479742027,-0.08537817087858897,-0.14173233202411942
-0.05001837144914674,-0.056987733129293,0.09511571980494145,-0.0985408097060731,-0.10029848336774709
-0.07536240410137857,-0.08123876117795836,0.08494270649306142,-0.007223488203712978,0.09268964810535466
0.022614808538787508,-0.02494070597231103,0.21369700325374485,-0.04566460303657857,0.03356062068632675
-0.04425046857802555,-0.039162356077212176,-0.04100821309818035,0.025248536345780836,-0.04650870065318729
-0.4647059669283059,0.02146158772303901,0.17445187942779725,0.007757995072323277,0.06399161084964997
0.12823927131626536,-0.08679959160277943,-0.019758509809054005,-0.07235196246209923,-0.027078018941320166
0.044332508651669836,-0.09619180343176062,0.0014906614931955236,-0.12303287740687426,-0.05449994600186947
-0.04065308727498563,-0.0382949623306701,0.19122654164329086,-0.056347713952645914,0.05498589130825665
0.005585783897898799,-0.03151874367882426,0.19023461120251822,-0.06788777505866947,-0.008125028770062154
0.06593465012781714,-0.09345459206706232,-0.0187609176544187,-0.11935690302223129,-0.0029527945585225692
-0.21609168057534478,0.5073926037623432,-0.14154938560226626,-0.06784831039128279,-0.02546723577816893
-0.21990096450042035,0.5098191061137652,-0.14114351015974616,-0.0698996194124594,-0.025959977494489035
-0.08567821950325775,-0.043012123586040354,0.1861226812398295,-0.04175914702227065,0.05231265676827094
-0.021243965623135384,-0.03277307589102407,0.17525496949040728,-0.0523957922304006,0.03627402807799115
0.012513465770261356,-0.029768121553714368,0.17611052843451072,-0.06564061404362298,-0.0306128519197347
-0.21884591538646955,0.48770472537453297,-0.10234613313081015,-0.09827350059508562,-0.032421719859773324
-0.021889761493724232,-0.03393912548095679,0.17621470500419278,-0.05160002008628726,0.008008664476664665
-0.032245080024860234,-0.03706846813963589,0.20168060719675018,-0.06746141602535012,0.0010812635511386693
-0.21139425924762903,0.4978623216488928,-0.100136879921465,-0.07228763809324175,-0.048112789364127016
-0.48057113126567697,-0.04756158756997667,0.17703074316987155,-0.058480834490045194,0.12836475368983802
-0.1702988475623561,0.6905559514731276,-0.1601735963756122,-0.05895976675932665,-0.04591084153347711
-0.17670208304273735,-0.0432612427847713,0.1051379601305694,0.01912021270806104,-0.019134880387403817
-0.21477544998652945,-0.03228876351833309,0.11739767890526498,-0.007687665938411381,0.04200170425212272
-0.2637446372289018,-0.03978266130241987,0.0825022885305778,-0.0419908340722515,0.05235501161685528
-0.4648088781518227,0.0028843712783160674,0.016578249161618062,0.07317769042806861,0.34025680972728883
-0.33233329194806477,0.005099920458806812,0.07252359377204089,0.01335104376784845,0.135679046618214
-0.37540324679249637,0.6956352346520643,-0.14885085829429687,-0.062015455564472514,-0.03281442074499416
-0.3225862951715982,0.5422841251063394,-0.12440353411228336,-0.06254120410685712,-0.030060882443196314
-0.37564343150662777,0.6978143363548093,-0.14875627536820163,-0.06368216956543854,-0.034396565906289416
-0.32714123841846793,0.002014029945024038,0.04872137309361212,0.014440076338293814,0.12405687617184971
-0.09459161134457963,0.005478838754958207,0.0958574778200465,-0.030181021053419587,0.12161512373218299
-0.1702988475623562,0.6905559514731274,-0.16017359637561215,-0.05895976675932671,-0.04591084153347717
-0.182847442354567,0.9726535002731578,-0.15318208052882604,-0.06408493025394041,-0.04765976225062373
-0.3046528684388778,-0.027240916670253267,0.16751961963470505,-0.10545130446426727,0.046028553528244386
-0.3115862175264066,-0.03624747705375262,0.14074814006625677,-0.1197359657404823,0.010887105332777204
-0.323721785829088,-0.0023343569646840723,0.1702946354576436,-0.025140649396314982,0.024585770551986963
-0.46269262725741866,-0.005061312907461068,0.19784656982790672,0.013967091576385888,-0.035505839832159075
-0.25196260545434257,-0.023298321734963035,0.08598523203916056,-0.08744388897980326,0.014981438836356352
-0.2754287410347846,-0.05185525731301155,0.08846912995611307,-0.05227386950889418,0.046517289957431894
-0.24955307167678795,-0.10437323678254125,0.05109020755025937,-0.10237022161125496,-0.0129529486678324
-0.2711423028975101,0.0015839425418252557,0.03067435461435036,0.11310954429338771,-0.09404679716435228
-0.26477203946453504,-0.08352143445011206,0.030973214765003552,-0.056146570851791144,0.06833560065742902
-0.2486995346914972,-0.020353197982127414,0.08337028746971833,-0.07677945034733206,0.015493482997066287
-0.2121610901251802,0.05472760997320074,0.009447587965800667,0.14626047128831435,-0.022817156530513236
-0.23180864712034288,-0.00847825154188431,0.05260754767934821,0.11835353214954927,-0.0765440039598969
-0.31830228025308593,-0.017284567628011317,0.18551575063224654,-0.04347463078806267,0.014871745569205942
-0.24386308019833708,-0.08449131345468477,0.016421333848666935,0.06451704271593015,-0.010442077369920352
-0.26820465250625003,-0.05534931060655162,0.08615555174914619,-0.10688507310175707,0.05316506824590725
-0.35268415178700585,0.022822786895128372,0.12593041570219748,0.06682769546798648,-0.019843987810123292
-0.3288324486733856,-0.06495141707975825,0.0695326670271073,0.042432354636207495,0.08922078693965352
-0.20431896577344683,-0.07101157383375492,-0.05357930246156909,-0.02830712749099272,0.08520018904211507
-0.1510789845995657,-0.06163314461001325,-0.08577589966296574,0.0863609062892076,0.12885210144319809
0.19577846858885828,-0.03172365353381299,0.0488163121344536,-0.022417420591976555,0.07798447136711603
-0.1809813191602067,-0.03633993526701876,0.012516431003505331,0.07004777949682979,0.134428507142399
-0.30253082835745715,0.020161514092823705,0.2885739550728417,-0.07062634005955004,0.002798097268403824
-0.11419725342166505,-0.07335520825164565,-0.05182460181116149,0.1740754088651107,-0.012878007970538069
0.1297187632172016,-0.0697923515146752,-0.04076919293533503,0.1131810899042292,-0.07195695201793889
-0.004254911783059757,-0.1069605009320244,-0.060345094850031526,0.04235702070163873,-0.07716568715823707
0.01207126216569233,-0.07346807963105417,0.027096381963852327,0.059033895279498864,-0.07340772721434087
-0.07619379578056144,-0.12010571817647242,-0.041463246553291463,-0.08716093957619654,0.022129338958082567
0.14127812193354222,-0.08170526921593012,-0.10665263809412631,-0.001184420908041265,-0.0703989303450867
-0.03784071676865003,-0.113478957544693,-0.09356276473987961,0.055034118591614924,-0.08781506716645796
-0.08495358754666188,-0.1309351906307312,-0.08131934451696848,0.0037867787103267533,-0.014479773697205359
0.012969562195789111,-0.10355213427207911,-0.05989373278267008,0.12049048979691393,-0.10006336498767071
-0.10496519438403515,-0.12371407124636236,-0.05570143369280983,0.06834367431755421,-0.13817014908917458
-0.11370959260847147,-0.11231679410628548,-0.09466219479437084,0.1508041332895221,-0.02688217746483257
0.19812705318477972,-0.04286592512239447,0.07095756569602421,-0.09231096654795107,-0.010052162306693915
-0.20804026763275718,-0.1134829463400808,0.03696071407410507,-0.14663272418081366,-0.036178160961758736
-0.3726360588216961,-0.011507072851043453,0.01262154426954353,0.07780366471555852,0.3330395781654746
-0.18330168717796796,-0.11794920724946296,-0.027427104400878713,0.04230837093960975,-0.15215639787500548
-0.24021259955329252,-0.09204129437671901,0.15162815390724269,-0.02970952973414117,-0.05841499191917325
-0.29625911603181954,-0.11001031245648195,0.031010511955656,0.04208540326752622,0.07743484935673836
0.1316203947688144,-0.05558367891801639,-0.20666432897101736,-0.07421922771491445,0.08205151051374446
0.16844987087511948,-0.05111567865723575,-0.13565544102836014,-0.09304734009860662,0.040964273123823336
0.13037489655818207,-0.06637354076504304,-0.2000125567766574,-0.09173550772772096,0.08331411358641543
0.1312033419137783,-0.05860033964605505,-0.17565979909433832,-0.11320381445263406,0.04214605194951875
0.13346828165777325,-0.08277797053955635,-0.1449092706916181,-0.08116678648101613,0.06639989852822319
0.4298257760900392,0.02663079233823504,-0.029225083343950468,-0.14287498876443733,0.03585594932947365
0.3603156160076262,0.003419850958599714,-0.002778553877442687,-0.13545994686211293,-0.0063310598408415535
0.35914007906225764,0.007047657690101917,0.004873604327338557,-0.13771278075359786,-0.01098964643317814
0.23068234599781276,-0.07889910774453203,-0.08735770261020044,-0.15787734250845994,-0.0006087938917123703
0.10844342111568454,-0.08166030080299627,-0.03229302611902102,-0.16984227704544427,-0.03307010171721195
0.36647550509964494,0.0732265595738724,0.2575566816937287,-0.021241241860706684,-0.019840092386484005
-0.18812657944714836,-0.07994573885328209,0.06807845259691724,0.013493845595244696,-0.20909454432087626
-0.15718126724540243,-0.11356983881880671,-0.05768052813178861,0.044727297444253765,0.11439166024163899
-0.13898442918265155,-0.09394574660702973,-0.04093043549794995,-0.01239581067644667,-0.0317515643454894
-0.08510551530633338,-0.12588093821778243,-0.10210822889920158,-0.11447345364539345,-0.09182220693892372
-0.03242446118153103,-0.11597367251017315,-0.13645511918716138,-0.09882602940967035,-0.04944234980883152
-0.10819813046862035,-0.12811274648781576,-0.09485526418573473,-0.10298363401876617,-0.06545796770446452
-0.15224977788345717,-0.13245627311697425,-0.06363673667184912,-0.11564434141865626,-0.10218486873121484
0.1830044438934414,-0.09589587544262852,-0.12155963217070036,-0.184525877956066,0.030529399609432833
-0.0017472612753555998,0.5250338675638698,-0.20053224329620833,-0.048551839281465836,-0.06465431557468015
0.24659461050440432,-0.04673229291513797,-0.02887227187036321,-0.12523912745135327,0.005909367142523008
0.1714235784945184,-0.062476611257741954,-0.13771947989711078,0.031584636383990145,0.017491171219646266
0.15546961219639452,-0.08701517814649082,-0.15773535112028833,0.1004061008400707,-0.04630520583716016
0.1520885698016987,-0.03978934217018342,-0.047358308215006556,-0.14405090366991077,-0.018711835216309446
0.02219235730614737,-0.05567588192039207,-0.05644997783514138,-0.06556920207393568,-0.05188928721369686
0.2181904867298028,-0.06659713995515174,-0.19868034971128493,-0.043402654587409197,0.09043167731250586
0.17876597463854788,-0.06364639779628328,-0.22850243123665995,-0.11781376038942375,0.10558211983103788
0.11482253092745719,-0.07759166191793467,-0.03506046961573971,0.00010379740228682704,0.0630782894852559
0.09738267544132542,-0.09737879268389107,-0.1732110907282845,0.03492486446557477,0.017211730371671452
0.10392860978426897,-0.10363303371088979,-0.1922188700750875,-0.07863833464379681,0.03930615361104238
0.10523918126477536,-0.10792847514274019,-0.2130447796279359,0.02608019501291866,0.023797078578557916
0.17999731199956906,-0.07676341378034304,-0.18127889286477333,-0.10562569038603133,0.07380572282618217
0.1278950814485278,-0.050135389280090016,-0.09832164164277502,0.06382788412839382,-0.03274276815903928
0.08649024160914526,-0.10620969716545156,-0.13653279998900314,0.02175506710605119,0.00855944079675301
0.34956327689558725,-0.03997754245079492,-0.06537832354839913,-0.13205018160497717,0.015628221713514547
0.26320404494408806,-0.04752796842310571,-0.06238555653577602,-0.03842608096394575,0.04219049865663463
-0.440046992415476,-0.02554511568259776,0.000130049756974378,0.001870712236909317,0.05352032122091962
0.26174353122292404,-0.04471477958622504,-0.1183758627013864,-0.11522935032451483,0.08276505433692866
-0.3054201008969935,0.3276404720297913,-0.1455531649997039,-0.03492576795067882,-0.03771748719194063
-0.2692228538049402,0.3025059343866239,-0.1432358127866731,-0.02956290121883266,-0.03857607035163728
-0.26883138063023626,0.30425679717490867,-0.1432222170274512,-0.02945087760039766,-0.03872196390078396
-0.3073406024206553,0.27843968675419734,-0.13545806727432172,-0.02669714964651912,-0.029590541918990357
-0.3508544180449528,-0.09255243601328794,0.04255689362995449,-0.045318004109736645,-0.032148867837647976
-0.35582566051584114,-0.06758243436889194,0.06180680703948062,0.11446614362210956,-0.09267230028663331
-0.3559620696884525,-0.07316836445655124,0.05700013607727851,0.08370663492946896,-0.0833746132425341
-0.3206205507163735,-0.08040206087977583,0.03419418661684958,0.13659843192975163,-0.08068727695476192
-0.3237636882101779,-0.07483046829794972,0.0745331045339531,0.03879910508288758,-0.010052039577843013
-0.3866421053995242,-0.09529441416130902,0.1156398401813937,-0.1007067695279331,-0.08688401414500527
-0.33020296158733936,0.3431019093259874,-0.13059220927166182,-0.05096529411130501,-0.03802798950727138
0.3405378028131232,-0.02512273074692421,-0.025073883160099016,-0.04824030465666463,-0.0047405879396923475
-0.32159350416089544,-0.07662171334093809,0.04664479994802326,0.1365783133165247,-0.10510459477130192
-0.3209210776356023,-0.08094831304225909,0.04210738366887832,0.10480079036330034,-0.09464017191109671
-0.2565867206605163,-0.11421064374001183,0.05807927581447357,0.000832545728676565,0.010746113963912493
-0.3592292144729246,-0.10213384711605836,0.021799849761287148,0.03372646125399239,0.03127945337942762
-0.3104772565298252,-0.07993319432724574,0.12167430926108354,0.013944415129383162,0.012983575222194486
-0.33562142940845724,-0.07783673230340304,0.10532491632917776,0.01083842758217653,0.020061227014972715
-0.2795562448901446,-0.07003770618764033,0.04361888473358415,0.05614298727243983,-0.06446783159916443
-0.31053968432767654,-0.09248344248255284,0.022085179891392696,0.04860234119956214,-0.010426386428183535
-0.47485692785037986,-0.059767815988016344,0.18521367283774004,0.004550753480590244,0.07231935345902196
-0.16684571465853526,-0.08644088056871996,0.08138634997787544,0.0404713311191771,-0.0371764174658069
-0.21137269934736277,-0.056834181598057365,-0.03909390474755461,0.18733161768400677,-0.049875971767178985
0.23656300690889848,0.010784453837801473,-0.055263659375685746,-0.086314943489179,0.050541268336810656
0.1915772932341768,0.005602007435641416,-0.07275389160075273,-0.09137142771917867,0.05369513263523258
0.18845730369023975,0.012910058156053315,-0.03659173553831372,-0.11769861940576322,-0.008977072657044127
0.08736534220418411,-0.09095771367925527,-0.17538732062448817,0.0212424306153701,0.0676350088915793
0.5755932934706948,0.1484317530189368,0.26863396716686594,0.04794564227143957,0.026433632940687943
0.580429199574726,0.12858248954116994,0.219242541048777,0.037361378704172304,0.024206544768834357
0.542869452758483,0.11877274615845258,0.23982200698644673,0.042059850593187766,0.042668712706742835
0.544747697670974,0.10986690423878306,0.22219164165645885,0.02934835962043996,0.037825915439043435
0.15621989982755363,-0.10169996988009682,-0.19044736521747987,-0.15662806944006327,0.0810290682191732
0.21266922977774397,-0.09195891129571872,-0.15355973610533996,-0.11828196093336481,0.06565143254938098
0.17869956529075892,-0.05504021946189169,-0.14061112096356293,0.09520326412519504,-0.0023300488790822292
0.1833273200340466,-0.06763308142760734,-0.15683383479256907,0.062899122983507,0.018667609265031727
-0.026111162941880192,-0.09389005030743422,-0.056795399382609885,-0.05449962244170018,0.10560565130228103
0.15219264684013878,-0.07415333773901545,-0.14993407329345876,0.09690134503577519,0.011233804712047863
-0.20341901608920138,-0.11617627244302497,-0.006611670001521985,0.0025880072562713013,-0.05649704946009461
0.1990967661083927,-0.06228306504095262,-0.11739877101117421,-0.1395061777499183,-0.01021599487417302
0.009454565374498156,-0.08273816462421194,-0.13664058476114516,-0.016448035896710383,-0.041741788628159054
0.3029870732806573,-0.039476900865467464,-0.03679149904154319,-0.12187394825484973,0.06176722736315824
-0.23467502462305134,-0.055654772809856076,-0.03607270403893173,-0.04007963704101221,-0.09612915416199783
-0.2588245789990055,-0.11211288807949597,-0.0049924526561389015,-0.044612307929938824,-0.12777225369046102
-0.2576341813094483,-0.0858590453214022,-0.007211301631466006,-0.0261384304980078,-0.15531888540310324
-0.3290609673056345,-0.0770126129941552,0.014736875451295978,0.0407179214496183,-0.11285693540501908
-0.3320375598614869,-0.05825828487542795,0.0763385217948354,-0.02687684371002067,-0.12384263352575364
-0.32968177061683535,-0.09084535510739139,0.041137783810225474,-0.046179236726193486,-0.18382972719225055
-0.1547313152004486,-0.10503532879093665,0.02096570568931095,-0.12299494386653431,-0.10032648140761602
-0.2901163821094056,-0.12567177737303215,-0.01257008025836883,0.053562890014168286,-0.0156678285068752
0.18727945441007182,-0.05053283325752085,0.058605983609770845,-0.09831938176683813,-0.05275886653763805
-0.3907287567522172,-0.041598000074877156,0.016629593976327656,-0.03347428773869681,0.17334471428059003
-0.25755548216574337,-0.08257583430513116,-0.01791818846167044,-0.03848539287743657,0.040491547008555596
-0.2936682718619004,-0.08393573474523908,0.032417683395818644,-0.07879716599610365,0.03106294490655508
-0.28084057793828543,-0.06700195549511298,0.0212845905152881,-0.02560390507950856,0.026739353613769844
-0.26545618829936485,-0.07938747427156068,0.009516024194269126,-0.04137153042823108,0.021085603157036812
-0.30874469713858516,-0.08220122994743946,0.04997730614171133,-0.051098710840963575,0.08275150588268998
0.01918231972969554,-0.08295753338826359,-0.08862158549449889,0.027995556662965913,-0.08702834103167842
0.06688841594996926,-0.07488965098236275,-0.0763161896114694,0.041956352951626065,-0.06701013223026911
